ردیف,نام برند,نام لاتین,شناسه برند,تعداد محصولات فعال,دسته‌بندی‌ها,کمترین قیمت عمده,بیشترین قیمت عمده,میانگین قیمت عمده,لوگو
1,کامان,Comeon,brand-sb-7,51,زیبایی و آرایش بانوان / مراقبت پوست و بدن,853755.0,7098814.0,3945594,/brands/comeon.png
2,میسویک,Misswake,brand-sb-4,40,بهداشت دهان و دندان / مراقبت از کودک,1162055.0,3936759.0,2692490,/brands/misswake.png
3,کدکس,Kodex,brand-sb-3,36,بهداشت و مراقبت‌های جنسی,1590000.0,4400000.0,3479318,/brands/kodex.png
4,کاپوت,Kaput,brand-sb-6,24,بهداشت و مراقبت‌های جنسی,1590000.0,4400000.0,3749849,/brands/kaput.png
5,دافی,Dafi,brand-sb-2,22,زیبایی و آرایش بانوان / مراقبت از کودک / مراقبت پوست و بدن,695652.0,6308300.0,3128279,/brands/dafi.png
6,نینو,Nino,brand-sb-8,19,زیبایی و آرایش بانوان / مراقبت از کودک / مراقبت پوست و بدن,695652.0,4885375.0,2680258,/brands/nino.png
7,آمبرال,Umbrella,brand-sb-1,15,مراقبت پوست و بدن,2197628.0,7019763.0,3862977,/brands/umbrella.png
8,هیر واتر,—,brand-sb-9,13,مراقبت مو,2513834.0,5517787.0,4727273,/brands/hairwater.png
9,پیکسل,Pixel,brand-sb-5,10,مراقبت پوست و بدن,7810277.0,7810277.0,7810277,/brands/pixel.png
10,میس لیپ,—,brand-sb-12,4,زیبایی و آرایش بانوان,2134387.0,2134387.0,2134387,/brands/mislip.png
11,آیس بال,—,brand-sb-10,3,زیبایی و آرایش بانوان / مراقبت پوست و بدن,5675889.0,5675889.0,5675889,/brands/icebal.png
12,کالمین,—,brand-sb-11,1,مراقبت پوست و بدن,6703557.0,6703557.0,6703557,/brands/kalamin.webp
