ردیف,برند,کد محصول,نام محصول,دلیل عدم نمایش,شناسه محصول
1,آتل,220306101,کرم گرم کننده و ضد درد کتف و گردن آتل,برند آن در اپلیکیشن غیرفعال/حذف شده است,sb-220306101
2,آمبرال,160111101,دستمال مرطوب خوشبو کننده بدن توتال آمبرال,بدون تصویر محصول (موقتاً مخفی),sb-160111101
3,آمبرال,UMB-202,ژل شستشوی صورت آمبرلا مخصوص پوست‌های چرب ۳۰۰ml,محصول دمو/قدیمی (با import کاتالوگ واقعی جایگزین شد),p4
4,آمبرال,UMB-201,کرم مرطوب‌کننده و آبرسان آمبرلا مدل Oil Plus ۷۵ml,محصول دمو/قدیمی (با import کاتالوگ واقعی جایگزین شد),p3
5,آیس بابل,370276101,فوم شستشوی صورت آیس بابل,برند آن در اپلیکیشن غیرفعال/حذف شده است,sb-370276101
6,دافی,100102102,دستمال مرطوب بزرگسالان درب دار دافی,بدون تصویر محصول (موقتاً مخفی),sb-100102102
7,دافی,100103112,دستمال مرطوب پاک کننده آرایش 10Q آووکادو درب دار دافی,بدون تصویر محصول (موقتاً مخفی),sb-100103112
8,دافی,DFI-401,دستمال مرطوب پاک‌کننده آرایش دافی مدل 5in1 بسته ۷۰ عددی,محصول دمو/قدیمی (با import کاتالوگ واقعی جایگزین شد),p6
9,دافی,DFI-402,دستمال مرطوب کودک دافی مدل Sensitive بسته ۱۰۰ عددی,محصول دمو/قدیمی (با import کاتالوگ واقعی جایگزین شد),p7
10,دافی,100127106,کرم عطری ایفوریا تیوپی دافی,بدون تصویر محصول (موقتاً مخفی),sb-100127106
11,دافی,100127105,کرم عطری جادور تیوپی دافی,بدون تصویر محصول (موقتاً مخفی),sb-100127105
12,دافی,100127102,کرم عطری شنل تیوپی دافی,بدون تصویر محصول (موقتاً مخفی),sb-100127102
13,دافی,100127101,کرم عطری ورساچه تیوپی دافی,بدون تصویر محصول (موقتاً مخفی),sb-100127101
14,دافی,100127103,کرم عطری گود گرل تیوپی دافی,بدون تصویر محصول (موقتاً مخفی),sb-100127103
15,زنون,ZNN-301,اسپری دئودورانت مردانه زنون مدل Legend حجم ۱۵۰ml,محصول دمو/قدیمی (با import کاتالوگ واقعی جایگزین شد),p12
16,زِن,290252101,روغن نرم کننده پوست بدن 110 میل زنون,برند آن در اپلیکیشن غیرفعال/حذف شده است,sb-290252101
17,فورمی,310350101,کیت درمانی فورمی,برند آن در اپلیکیشن غیرفعال/حذف شده است,sb-310350101
18,میسویک,MSW-401,خمیر دندان میس‌ویک مدل Total 8 حجم ۷۵ml,محصول دمو/قدیمی (با import کاتالوگ واقعی جایگزین شد),p13
19,میسویک,400147111,خمیر دندان کودک استیچ میسویک,بدون تصویر محصول (موقتاً مخفی),sb-400147111
20,میسویک,400271101,مسواک بزرگسالان سافت کلینیکال میسویک,بدون تصویر محصول (موقتاً مخفی),sb-400271101
21,نینو,NIN-201,دستمال مرطوب کودک نینو مدل Sensitive بسته ۶۴ عددی,محصول دمو/قدیمی (با import کاتالوگ واقعی جایگزین شد),p11
22,ویت آس,340122101,کرم ترک پا 75 میل ویت آس,برند آن در اپلیکیشن غیرفعال/حذف شده است,sb-340122101
23,پیکسل,PXL-301,کرم ضدآفتاب رنگی پیکسلی SPF 50 سری مات,محصول دمو/قدیمی (با import کاتالوگ واقعی جایگزین شد),p5
24,کامان,300998109,استند 25 عددی بالم دست و پا کامان,بدون تصویر محصول (موقتاً مخفی),sb-300998109
25,کامان,300176111,بالم لب نرم و براق کننده ویتامین سی کامان,بدون تصویر محصول (موقتاً مخفی),sb-300176111
26,کامان,300301101,بالم پای شی باتر کامان,بدون تصویر محصول (موقتاً مخفی),sb-300301101
27,کامان,CMN-502,شامپو سر و بدن آقایان کامان ۵۰۰ml,محصول دمو/قدیمی (با import کاتالوگ واقعی جایگزین شد),p9
28,کامان,CMN-501,واتر بمب کامان حاوی هیالورونیک اسید ۲۰۰ml,محصول دمو/قدیمی (با import کاتالوگ واقعی جایگزین شد),p8
29,کامان,300128108,کرم پمپی ب کمپلکس ویتامین سی 400 میل,بدون تصویر محصول (موقتاً مخفی),sb-300128108
30,کامان,300128403,کرم پمپی ویتامین سی 200 میل کامان,بدون تصویر محصول (موقتاً مخفی),sb-300128403
31,کاپوت,610603109,کاندوم کاپوت 3 عددی 7 کاره گرم ساده,بدون تصویر محصول (موقتاً مخفی),sb-610603109
32,کاپوت,KPT-101,کاندوم کاپوت مدل Micro Thin بسته ۱۲ عددی,محصول دمو/قدیمی (با import کاتالوگ واقعی جایگزین شد),p10
33,کدکس,600998104,استند ورقه ای 12 عددی کدکس,بدون تصویر محصول (موقتاً مخفی),sb-600998104
34,کدکس,600998106,استند کدکس 1 طبقه مارکت,بدون تصویر محصول (موقتاً مخفی),sb-600998106
35,کدکس,600998105,استند کدکس 2 طبقه مارکت,بدون تصویر محصول (موقتاً مخفی),sb-600998105
36,کدکس,600612131,کاندوم کدکس 12 عددی جنسینگ ساده,بدون تصویر محصول (موقتاً مخفی),sb-600612131
37,کدکس,600612133,کاندوم کدکس 12 عددی ماتادور ساده,بدون تصویر محصول (موقتاً مخفی),sb-600612133
38,کدکس,600603125,کاندوم کدکس 3 عددی الترا نوبل ساده,بدون تصویر محصول (موقتاً مخفی),sb-600603125
39,کدکس,600603105,کاندوم کدکس 3 عددی تاخیری,بدون تصویر محصول (موقتاً مخفی),sb-600603105
40,کدکس,600603101,کاندوم کدکس 3 عددی کلاسیک,بدون تصویر محصول (موقتاً مخفی),sb-600603101
41,کدکس,KDX-101,کاندوم کدکس مدل Double Delay بسته ۱۲ عددی,محصول دمو/قدیمی (با import کاتالوگ واقعی جایگزین شد),p1
42,کدکس,KDX-102,کاندوم کدکس مدل Master 3 in 1 بسته ۱۲ عددی,محصول دمو/قدیمی (با import کاتالوگ واقعی جایگزین شد),p2
